,IV,ii,vi,I,II,V,VII,VI,v,iv
vi,0.4166666666666667,0.5,0.08333333333333333,0.0,0.0,0.0,0.0,0.0,0.0,0.0
IV,0.0,0.21052631578947367,0.0,0.5789473684210527,0.10526315789473684,0.10526315789473684,0.0,0.0,0.0,0.0
VI,0.0,0.09090909090909091,0.0,0.0,0.0,0.0,0.8181818181818182,0.09090909090909091,0.0,0.0
VII,0.0,0.0,0.0,0.0,0.0,0.0,0.0,0.8333333333333334,0.16666666666666666,0.0
v,0.0,0.0,0.0,0.0,0.0,0.0,0.0,0.18181818181818182,0.0,0.8181818181818182
ii,0.09090909090909091,0.13636363636363635,0.0,0.0,0.0,0.6818181818181818,0.0,0.0,0.09090909090909091,0.0
I,0.2222222222222222,0.2222222222222222,0.16666666666666666,0.0,0.0,0.3888888888888889,0.0,0.0,0.0,0.0
V,0.13513513513513514,0.0,0.02702702702702703,0.35135135135135137,0.0,0.3783783783783784,0.0,0.10810810810810811,0.0,0.0
iv,0.0,0.0,0.0,0.0,0.0,0.0,0.0,0.0,1.0,0.0
