,iii,i,ii,I,vi,IV,V,VI
V,0.16923076923076924,0.18461538461538463,0.06153846153846154,0.26153846153846155,0.1076923076923077,0.2153846153846154,0.0,0.0
iii,0.17391304347826086,0.0,0.34782608695652173,0.0,0.17391304347826086,0.13043478260869565,0.17391304347826086,0.0
i,0.0,0.0,0.0,0.35714285714285715,0.0,0.0,0.6428571428571429,0.0
ii,0.42857142857142855,0.0,0.0,0.14285714285714285,0.0,0.0,0.42857142857142855,0.0
vi,0.0,0.0,0.0,0.42857142857142855,0.0,0.17857142857142858,0.21428571428571427,0.17857142857142858
I,0.16,0.06,0.0,0.14,0.12,0.14,0.38,0.0
IV,0.0,0.0,0.06976744186046512,0.13953488372093023,0.3023255813953488,0.13953488372093023,0.3488372093023256,0.0
VI,0.0,0.0,0.7692307692307693,0.0,0.23076923076923078,0.0,0.0,0.0
