,V,vi,ii,IV,I,II,VI,iii
vi,0.1702127659574468,0.40425531914893614,0.10638297872340426,0.3191489361702128,0.0,0.0,0.0,0.0
V,0.2727272727272727,0.07792207792207792,0.03896103896103896,0.2077922077922078,0.19480519480519481,0.05194805194805195,0.12987012987012986,0.025974025974025976
IV,0.24285714285714285,0.014285714285714285,0.08571428571428572,0.08571428571428572,0.4714285714285714,0.014285714285714285,0.014285714285714285,0.07142857142857142
ii,0.4666666666666667,0.16666666666666666,0.13333333333333333,0.06666666666666667,0.13333333333333333,0.0,0.0,0.03333333333333333
I,0.2235294117647059,0.11764705882352941,0.09411764705882353,0.24705882352941178,0.24705882352941178,0.03529411764705882,0.0,0.03529411764705882
iii,0.17647058823529413,0.058823529411764705,0.23529411764705882,0.0,0.058823529411764705,0.17647058823529413,0.058823529411764705,0.23529411764705882
II,0.4583333333333333,0.0,0.041666666666666664,0.0,0.08333333333333333,0.20833333333333334,0.16666666666666666,0.041666666666666664
VI,0.07142857142857142,0.0,0.0,0.0,0.2857142857142857,0.21428571428571427,0.42857142857142855,0.0
