,V,vi,ii,IV,I,II,VI,iii,VII
vi,0.13333333333333333,0.4222222222222222,0.1111111111111111,0.3333333333333333,0.0,0.0,0.0,0.0,0.0
V,0.3088235294117647,0.08823529411764706,0.0,0.23529411764705882,0.17647058823529413,0.014705882352941176,0.14705882352941177,0.029411764705882353,0.0
IV,0.24324324324324326,0.0,0.06756756756756757,0.12162162162162163,0.4594594594594595,0.013513513513513514,0.013513513513513514,0.06756756756756757,0.013513513513513514
ii,0.38461538461538464,0.19230769230769232,0.15384615384615385,0.07692307692307693,0.15384615384615385,0.0,0.0,0.038461538461538464,0.0
I,0.21176470588235294,0.10588235294117647,0.09411764705882353,0.2823529411764706,0.25882352941176473,0.011764705882352941,0.0,0.03529411764705882,0.0
iii,0.1875,0.0625,0.25,0.0625,0.0625,0.0625,0.0625,0.25,0.0
VII,0.0,0.0,0.0,0.18181818181818182,0.36363636363636365,0.2727272727272727,0.18181818181818182,0.0,0.0
VI,0.0,0.0,0.0,0.0,0.25,0.125,0.25,0.0,0.375
II,0.5625,0.0,0.0625,0.0,0.0,0.1875,0.125,0.0625,0.0
