,ii,V,IV,VII,v,VI,I,iv
ii,0.1875,0.6875,0.125,0.0,0.0,0.0,0.0,0.0
VI,0.0,0.0,0.0,1.0,0.0,0.0,0.0,0.0
VII,0.0,0.0,0.0,0.0,0.125,0.625,0.25,0.0
v,0.0,0.0,0.0,0.0,0.0,0.18181818181818182,0.0,0.8181818181818182
IV,0.13333333333333333,0.13333333333333333,0.0,0.0,0.0,0.0,0.7333333333333333,0.0
I,0.21052631578947367,0.3684210526315789,0.21052631578947367,0.0,0.0,0.0,0.10526315789473684,0.10526315789473684
V,0.0,0.21739130434782608,0.21739130434782608,0.0,0.0,0.0,0.5652173913043478,0.0
iv,0.0,0.0,0.0,0.25,0.75,0.0,0.0,0.0
