,vi,II,#VI,I
I,0.5172413793103449,0.10344827586206896,0.3103448275862069,0.06896551724137931
vi,0.07142857142857142,0.5,0.0,0.42857142857142855
II,0.0,0.0,0.0,1.0
#VI,0.15789473684210525,0.0,0.0,0.8421052631578947
