,vi,II,IV,I
I,0.4411764705882353,0.4411764705882353,0.058823529411764705,0.058823529411764705
vi,0.06666666666666667,0.4666666666666667,0.06666666666666667,0.4
II,0.0,0.0,0.45,0.55
IV,0.0,0.23076923076923078,0.0,0.7692307692307693
