,i,I,IV,V,vi
i,0.5,0.5,0.0,0.0,0.0
I,0.07142857142857142,0.2857142857142857,0.39285714285714285,0.25,0.0
IV,0.0,0.625,0.041666666666666664,0.3333333333333333,0.0
V,0.0,0.2,0.16666666666666666,0.2,0.43333333333333335
vi,0.0,0.041666666666666664,0.20833333333333334,0.4166666666666667,0.3333333333333333
