,I,vi,V,II,IV
II,0.5,0.5,0.0,0.0,0.0
I,0.058823529411764705,0.058823529411764705,0.23529411764705882,0.14705882352941177,0.5
V,0.4666666666666667,0.3333333333333333,0.1,0.03333333333333333,0.06666666666666667
IV,0.21052631578947367,0.0,0.3684210526315789,0.42105263157894735,0.0
vi,0.5263157894736842,0.05263157894736842,0.42105263157894735,0.0,0.0
