,i,VII,VI,I,IV,V,vi
VII,0.5384615384615384,0.46153846153846156,0.0,0.0,0.0,0.0,0.0
i,0.42857142857142855,0.14285714285714285,0.3333333333333333,0.09523809523809523,0.0,0.0,0.0
I,0.07407407407407407,0.0,0.0,0.2962962962962963,0.4074074074074074,0.2222222222222222,0.0
IV,0.0,0.0,0.0,0.7058823529411765,0.0,0.29411764705882354,0.0
V,0.0,0.0,0.0,0.25,0.25,0.0,0.5
vi,0.0,0.0,0.0,0.07142857142857142,0.14285714285714285,0.7142857142857143,0.07142857142857142
VI,0.1111111111111111,0.6666666666666666,0.2222222222222222,0.0,0.0,0.0,0.0
