,iii,vi,V,IV,I,v
I,0.0975609756097561,0.0975609756097561,0.6097560975609756,0.14634146341463414,0.04878048780487805,0.0
iii,0.2,0.2,0.0,0.6,0.0,0.0
IV,0.07142857142857142,0.0,0.35714285714285715,0.0,0.5714285714285714,0.0
V,0.1111111111111111,0.0,0.2222222222222222,0.3055555555555556,0.3333333333333333,0.027777777777777776
vi,0.0,0.0,0.25,0.75,0.0,0.0
v,0.0,0.0,0.0,0.16666666666666666,0.8333333333333334,0.0
