,I,IV,V
V,0.7058823529411765,0.11764705882352941,0.17647058823529413
I,0.1111111111111111,0.2222222222222222,0.6666666666666666
IV,0.23076923076923078,0.15384615384615385,0.6153846153846154
