,IV,V,I,II,iii,vi,ii,VI,#II
I,0.24242424242424243,0.3838383838383838,0.0707070707070707,0.0707070707070707,0.03535353535353535,0.07575757575757576,0.10606060606060606,0.015151515151515152,0.0
IV,0.08783783783783784,0.2702702702702703,0.4594594594594595,0.04054054054054054,0.02027027027027027,0.04054054054054054,0.04054054054054054,0.0,0.04054054054054054
V,0.18666666666666668,0.29777777777777775,0.3022222222222222,0.08,0.0044444444444444444,0.09333333333333334,0.017777777777777778,0.017777777777777778,0.0
iii,0.3023255813953488,0.06976744186046512,0.18604651162790697,0.046511627906976744,0.046511627906976744,0.20930232558139536,0.13953488372093023,0.0,0.0
II,0.07936507936507936,0.20634920634920634,0.1111111111111111,0.2698412698412698,0.12698412698412698,0.015873015873015872,0.031746031746031744,0.0,0.15873015873015872
vi,0.2222222222222222,0.3194444444444444,0.08333333333333333,0.041666666666666664,0.18055555555555555,0.1111111111111111,0.041666666666666664,0.0,0.0
ii,0.22641509433962265,0.03773584905660377,0.39622641509433965,0.0,0.1509433962264151,0.07547169811320754,0.11320754716981132,0.0,0.0
VI,0.09090909090909091,0.36363636363636365,0.0,0.09090909090909091,0.0,0.0,0.18181818181818182,0.2727272727272727,0.0
#II,0.4117647058823529,0.0,0.0,0.4117647058823529,0.0,0.0,0.17647058823529413,0.0,0.0
