,I,vi,V,II,IV
II,0.5,0.5,0.0,0.0,0.0
I,0.058823529411764705,0.058823529411764705,0.23529411764705882,0.14705882352941177,0.5
V,0.6363636363636364,0.045454545454545456,0.18181818181818182,0.045454545454545456,0.09090909090909091
VII,1.0,0.0,0.0,0.0,0.0
IV,0.21052631578947367,0.0,0.3684210526315789,0.42105263157894735,0.0
vi,1.0,0.0,0.0,0.0,0.0
