,iii,vi,V,IV,I
I,0.10810810810810811,0.10810810810810811,0.6756756756756757,0.10810810810810811,0.0
iii,0.14285714285714285,0.0,0.0,0.8571428571428571,0.0
IV,0.13333333333333333,0.0,0.3333333333333333,0.0,0.5333333333333333
V,0.11428571428571428,0.0,0.22857142857142856,0.3142857142857143,0.34285714285714286
vi,0.0,0.0,0.25,0.75,0.0
