,vi,V,I,IV,ii,#VI,iii,III,#II
V,0.15315315315315314,0.25225225225225223,0.18018018018018017,0.2972972972972973,0.02702702702702703,0.02702702702702703,0.06306306306306306,0.0,0.0
vi,0.13114754098360656,0.16393442622950818,0.21311475409836064,0.21311475409836064,0.06557377049180328,0.0,0.13114754098360656,0.08196721311475409,0.0
I,0.12264150943396226,0.25471698113207547,0.2358490566037736,0.2169811320754717,0.11320754716981132,0.04716981132075472,0.0,0.009433962264150943,0.0
ii,0.044444444444444446,0.2,0.2,0.28888888888888886,0.08888888888888889,0.022222222222222223,0.0,0.15555555555555556,0.0
IV,0.030303030303030304,0.29545454545454547,0.22727272727272727,0.17424242424242425,0.07575757575757576,0.09090909090909091,0.07575757575757576,0.0,0.030303030303030304
#VI,0.0,0.47368421052631576,0.42105263157894735,0.05263157894736842,0.05263157894736842,0.0,0.0,0.0,0.0
iii,0.14814814814814814,0.0,0.07407407407407407,0.48148148148148145,0.0,0.0,0.0,0.0,0.2962962962962963
#II,0.0,0.0,0.0,0.8571428571428571,0.0,0.0,0.0,0.0,0.14285714285714285
III,0.07692307692307693,0.0,0.07692307692307693,0.38461538461538464,0.46153846153846156,0.0,0.0,0.0,0.0
