,#V,IV,I
IV,0.8888888888888888,0.05555555555555555,0.05555555555555555
#V,0.0,1.0,0.0
I,0.0,0.3333333333333333,0.6666666666666666
