,IV,I,ii,V,II,vi,#VI,iii
#VI,0.46153846153846156,0.46153846153846156,0.07692307692307693,0.0,0.0,0.0,0.0,0.0
I,0.33014354066985646,0.15789473684210525,0.04784688995215311,0.28708133971291866,0.0430622009569378,0.11483253588516747,0.004784688995215311,0.014354066985645933
V,0.2463768115942029,0.2463768115942029,0.14492753623188406,0.10144927536231885,0.014492753623188406,0.17391304347826086,0.028985507246376812,0.043478260869565216
iii,0.45,0.05,0.2,0.0,0.1,0.2,0.0,0.0
IV,0.12727272727272726,0.4909090909090909,0.024242424242424242,0.23030303030303031,0.012121212121212121,0.06060606060606061,0.024242424242424242,0.030303030303030304
II,0.23076923076923078,0.3076923076923077,0.0,0.23076923076923078,0.07692307692307693,0.07692307692307693,0.0,0.07692307692307693
vi,0.22115384615384615,0.28846153846153844,0.10576923076923077,0.19230769230769232,0.009615384615384616,0.1346153846153846,0.0,0.04807692307692308
ii,0.21153846153846154,0.17307692307692307,0.019230769230769232,0.3076923076923077,0.0,0.15384615384615385,0.1346153846153846,0.0
