,IV,I
I,0.5714285714285714,0.42857142857142855
IV,0.0,1.0
