,IV,V,ii,I,VI,vi,#VI,II,iv
vi,0.3269230769230769,0.3269230769230769,0.3076923076923077,0.019230769230769232,0.019230769230769232,0.0,0.0,0.0,0.0
IV,0.02564102564102564,0.5128205128205128,0.05128205128205128,0.2692307692307692,0.0,0.02564102564102564,0.11538461538461539,0.0,0.0
II,0.0,0.42857142857142855,0.0,0.5714285714285714,0.0,0.0,0.0,0.0,0.0
I,0.2871287128712871,0.26732673267326734,0.039603960396039604,0.0594059405940594,0.0,0.22772277227722773,0.0594059405940594,0.0594059405940594,0.0
V,0.18518518518518517,0.037037037037037035,0.07407407407407407,0.5555555555555556,0.0,0.12345679012345678,0.0,0.024691358024691357,0.0
ii,0.1875,0.1875,0.0,0.125,0.0,0.46875,0.03125,0.0,0.0
VI,0.0,0.0,0.058823529411764705,0.0,0.47058823529411764,0.0,0.0,0.0,0.47058823529411764
iv,0.0,0.0,0.0,0.0,1.0,0.0,0.0,0.0,0.0
#VI,0.5,0.0,0.0,0.5,0.0,0.0,0.0,0.0,0.0
