,VI,IV,i,vi,V,III,II,I,ii
i,0.5,0.16666666666666666,0.3333333333333333,0.0,0.0,0.0,0.0,0.0,0.0
VI,0.16666666666666666,0.05555555555555555,0.16666666666666666,0.05555555555555555,0.05555555555555555,0.1111111111111111,0.3888888888888889,0.0,0.0
I,0.0,0.2127659574468085,0.0,0.1276595744680851,0.425531914893617,0.06382978723404255,0.0,0.1595744680851064,0.010638297872340425
IV,0.024691358024691357,0.09876543209876543,0.0,0.0,0.30864197530864196,0.0,0.0,0.49382716049382713,0.07407407407407407
ii,0.0,0.09523809523809523,0.0,0.38095238095238093,0.2857142857142857,0.0,0.0,0.19047619047619047,0.047619047619047616
vi,0.04081632653061224,0.4489795918367347,0.0,0.061224489795918366,0.16326530612244897,0.04081632653061224,0.0,0.12244897959183673,0.12244897959183673
III,0.0,0.09090909090909091,0.0,0.09090909090909091,0.0,0.5454545454545454,0.09090909090909091,0.0,0.18181818181818182
V,0.03571428571428571,0.19047619047619047,0.011904761904761904,0.25,0.14285714285714285,0.0,0.023809523809523808,0.2857142857142857,0.05952380952380952
II,0.21428571428571427,0.0,0.0,0.0,0.14285714285714285,0.0,0.5714285714285714,0.07142857142857142,0.0
