,iv,IV,V,I
VII,1.0,0.0,0.0,0.0
iv,1.0,0.0,0.0,0.0
I,0.0,0.2,0.68,0.12
IV,0.0,0.21621621621621623,0.21621621621621623,0.5675675675675675
V,0.0,0.6,0.08,0.32
