,vi,iii,I
I,0.09090909090909091,0.9090909090909091,0.0
vi,0.1,0.0,0.9
iii,0.6666666666666666,0.0,0.3333333333333333
