,ii,IV,I,V,vi,#IV
V,0.3055555555555556,0.4166666666666667,0.2222222222222222,0.05555555555555555,0.0,0.0
ii,0.21428571428571427,0.0,0.0,0.0,0.7857142857142857,0.0
vi,0.0,0.4375,0.0,0.5,0.0,0.0625
I,0.0,0.1724137931034483,0.10344827586206896,0.5862068965517241,0.13793103448275862,0.0
IV,0.0,0.21621621621621623,0.5675675675675675,0.21621621621621623,0.0,0.0
