,v,vi,II,iii,IV,V,i,I
I,0.06818181818181818,0.09090909090909091,0.13636363636363635,0.06818181818181818,0.2727272727272727,0.36363636363636365,0.0,0.0
v,0.0,0.0,0.0,0.0,0.3,0.0,0.7,0.0
IV,0.0,0.42105263157894735,0.0,0.0,0.0,0.07894736842105263,0.0,0.5
V,0.0,0.17647058823529413,0.0,0.17647058823529413,0.14705882352941177,0.029411764705882353,0.0,0.47058823529411764
vi,0.0,0.0,0.09090909090909091,0.0,0.24242424242424243,0.3333333333333333,0.0,0.3333333333333333
II,0.0,0.0,0.0,0.0,0.0,0.9166666666666666,0.0,0.08333333333333333
iii,0.0,0.058823529411764705,0.0,0.0,0.8235294117647058,0.0,0.0,0.11764705882352941
i,1.0,0.0,0.0,0.0,0.0,0.0,0.0,0.0
