,I,V,vi,IV
IV,0.75,0.16666666666666666,0.08333333333333333,0.0
vi,0.15384615384615385,0.5384615384615384,0.038461538461538464,0.2692307692307692
I,0.0,0.23076923076923078,0.6923076923076923,0.07692307692307693
V,0.2631578947368421,0.05263157894736842,0.5789473684210527,0.10526315789473684
