,ii,I,V,IV,iii,vi,VII,i
vi,0.047619047619047616,0.2653061224489796,0.3401360544217687,0.30612244897959184,0.04081632653061224,0.0,0.0,0.0
ii,0.09302325581395349,0.13953488372093023,0.20930232558139536,0.23255813953488372,0.046511627906976744,0.27906976744186046,0.0,0.0
I,0.05405405405405406,0.17117117117117117,0.4144144144144144,0.15765765765765766,0.03153153153153153,0.16666666666666666,0.0045045045045045045,0.0
IV,0.013422818791946308,0.5503355704697986,0.2348993288590604,0.06040268456375839,0.053691275167785234,0.087248322147651,0.0,0.0
V,0.12738853503184713,0.21656050955414013,0.044585987261146494,0.25477707006369427,0.03184713375796178,0.3248407643312102,0.0,0.0
iii,0.06896551724137931,0.20689655172413793,0.1724137931034483,0.3103448275862069,0.0,0.2413793103448276,0.0,0.0
i,0.0,0.0,0.0,0.0,0.0,0.0,1.0,0.0
VII,0.0,0.0,0.0,0.0,0.0,0.0,0.0,1.0
