,IV,V,I,vi,II,ii,iii
I,0.14285714285714285,0.38095238095238093,0.15873015873015872,0.21428571428571427,0.031746031746031744,0.047619047619047616,0.023809523809523808
IV,0.1,0.2,0.4375,0.2375,0.0,0.0125,0.0125
V,0.2631578947368421,0.05263157894736842,0.22105263157894736,0.21052631578947367,0.09473684210526316,0.14736842105263157,0.010526315789473684
vi,0.15789473684210525,0.37894736842105264,0.29473684210526313,0.12631578947368421,0.0,0.010526315789473684,0.031578947368421054
ii,0.16,0.36,0.24,0.2,0.0,0.0,0.04
II,0.0,0.0,0.1,0.6,0.0,0.0,0.3
iii,0.5,0.0,0.4,0.0,0.0,0.0,0.1
