,IV,I,V,III,i
I,0.3023255813953488,0.4186046511627907,0.27906976744186046,0.0,0.0
IV,0.07407407407407407,0.5555555555555556,0.07407407407407407,0.037037037037037035,0.25925925925925924
V,0.0967741935483871,0.3548387096774194,0.3870967741935484,0.0967741935483871,0.06451612903225806
III,0.6363636363636364,0.09090909090909091,0.09090909090909091,0.18181818181818182,0.0
i,0.0,0.0,0.0,0.6363636363636364,0.36363636363636365
