,I,vi,IV
IV,0.9,0.1,0.0
I,0.0,0.8888888888888888,0.1111111111111111
vi,0.0,0.125,0.875
